{
    "foreground_mean": {
        "Dice": 0.42894217705396986,
        "FN": 12083.083333333334,
        "FP": 9468.583333333334,
        "IoU": 0.3197612606162831,
        "TN": 8882264.833333334,
        "TP": 24183.5,
        "n_pred": 33652.083333333336,
        "n_ref": 36266.583333333336
    },
    "mean": {
        "1": {
            "Dice": 0.33165226483923876,
            "FN": 6633.5,
            "FP": 9668.375,
            "IoU": 0.23648293374237317,
            "TN": 8899879.625,
            "TP": 11818.5,
            "n_pred": 21486.875,
            "n_ref": 18452.0
        },
        "2": {
            "Dice": 0.6481035346637086,
            "FN": 24144.5,
            "FP": 14841.375,
            "IoU": 0.5090879191920075,
            "TN": 8831648.875,
            "TP": 57365.25,
            "n_pred": 72206.625,
            "n_ref": 81509.75
        },
        "3": {
            "Dice": 0.30707073165896226,
            "FN": 5471.25,
            "FP": 3896.0,
            "IoU": 0.21371292891446866,
            "TN": 8915266.0,
            "TP": 3366.75,
            "n_pred": 7262.75,
            "n_ref": 8838.0
        }
    },
    "metric_per_case": [
        {
            "metrics": {
                "1": {
                    "Dice": 0.5333778000111167,
                    "FN": 3147,
                    "FP": 5248,
                    "IoU": 0.36367770787538845,
                    "TN": 8914807,
                    "TP": 4798,
                    "n_pred": 10046,
                    "n_ref": 7945
                },
                "2": {
                    "Dice": 0.7513319009034664,
                    "FN": 22260,
                    "FP": 25769,
                    "IoU": 0.6017066516291143,
                    "TN": 8807413,
                    "TP": 72558,
                    "n_pred": 98327,
                    "n_ref": 94818
                },
                "3": {
                    "Dice": 0.6758427353569705,
                    "FN": 3976,
                    "FP": 10131,
                    "IoU": 0.5103946135424982,
                    "TN": 8899187,
                    "TP": 14706,
                    "n_pred": 24837,
                    "n_ref": 18682
                }
            },
            "prediction_file": "/home/cgutwin/sfuhome/2025_3_project_07/src/nnUNet_raw/nnUNet_results/Dataset501_TCGA_LGG/nnUNetTrainer_10epochs__nnUNetPlans__2d/crossval_results_folds_0/TCGA-CS-5396.nii.gz",
            "reference_file": "/home/cgutwin/sfuhome/2025_3_project_07/src/nnUNet_raw/nnUNet_raw/Dataset501_TCGA_LGG/labelsTr/TCGA-CS-5396.nii.gz"
        },
        {
            "metrics": {
                "1": {
                    "Dice": 0.0,
                    "FN": 2841,
                    "FP": 0,
                    "IoU": 0.0,
                    "TN": 8925159,
                    "TP": 0,
                    "n_pred": 0,
                    "n_ref": 2841
                },
                "2": {
                    "Dice": 0.2032941753826335,
                    "FN": 2530,
                    "FP": 23445,
                    "IoU": 0.1131482809245792,
                    "TN": 8898711,
                    "TP": 3314,
                    "n_pred": 26759,
                    "n_ref": 5844
                },
                "3": {
                    "Dice": 0.0,
                    "FN": 21307,
                    "FP": 1,
                    "IoU": 0.0,
                    "TN": 8906692,
                    "TP": 0,
                    "n_pred": 1,
                    "n_ref": 21307
                }
            },
            "prediction_file": "/home/cgutwin/sfuhome/2025_3_project_07/src/nnUNet_raw/nnUNet_results/Dataset501_TCGA_LGG/nnUNetTrainer_10epochs__nnUNetPlans__2d/crossval_results_folds_0/TCGA-CS-5397.nii.gz",
            "reference_file": "/home/cgutwin/sfuhome/2025_3_project_07/src/nnUNet_raw/nnUNet_raw/Dataset501_TCGA_LGG/labelsTr/TCGA-CS-5397.nii.gz"
        },
        {
            "metrics": {
                "1": {
                    "Dice": 0.07037747920665387,
                    "FN": 1414,
                    "FP": 39,
                    "IoU": 0.03647214854111406,
                    "TN": 8926492,
                    "TP": 55,
                    "n_pred": 94,
                    "n_ref": 1469
                },
                "2": {
                    "Dice": 0.4893246088708764,
                    "FN": 17834,
                    "FP": 4721,
                    "IoU": 0.3239111537423938,
                    "TN": 8894639,
                    "TP": 10806,
                    "n_pred": 15527,
                    "n_ref": 28640
                },
                "3": {
                    "Dice": 0.6361940298507462,
                    "FN": 753,
                    "FP": 27,
                    "IoU": 0.466484268125855,
                    "TN": 8926538,
                    "TP": 682,
                    "n_pred": 709,
                    "n_ref": 1435
                }
            },
            "prediction_file": "/home/cgutwin/sfuhome/2025_3_project_07/src/nnUNet_raw/nnUNet_results/Dataset501_TCGA_LGG/nnUNetTrainer_10epochs__nnUNetPlans__2d/crossval_results_folds_0/TCGA-CS-6188.nii.gz",
            "reference_file": "/home/cgutwin/sfuhome/2025_3_project_07/src/nnUNet_raw/nnUNet_raw/Dataset501_TCGA_LGG/labelsTr/TCGA-CS-6188.nii.gz"
        },
        {
            "metrics": {
                "1": {
                    "Dice": 0.8074048304289615,
                    "FN": 11498,
                    "FP": 6771,
                    "IoU": 0.677015009812068,
                    "TN": 8871437,
                    "TP": 38294,
                    "n_pred": 45065,
                    "n_ref": 49792
                },
                "2": {
                    "Dice": 0.5623264471636508,
                    "FN": 20459,
                    "FP": 8227,
                    "IoU": 0.3911363925797003,
                    "TN": 8880886,
                    "TP": 18428,
                    "n_pred": 26655,
                    "n_ref": 38887
                },
                "3": {
                    "Dice": 0.5221039383292254,
                    "FN": 4898,
                    "FP": 4215,
                    "IoU": 0.3532751401603861,
                    "TN": 8913909,
                    "TP": 4978,
                    "n_pred": 9193,
                    "n_ref": 9876
                }
            },
            "prediction_file": "/home/cgutwin/sfuhome/2025_3_project_07/src/nnUNet_raw/nnUNet_results/Dataset501_TCGA_LGG/nnUNetTrainer_10epochs__nnUNetPlans__2d/crossval_results_folds_0/TCGA-DU-7306.nii.gz",
            "reference_file": "/home/cgutwin/sfuhome/2025_3_project_07/src/nnUNet_raw/nnUNet_raw/Dataset501_TCGA_LGG/labelsTr/TCGA-DU-7306.nii.gz"
        },
        {
            "metrics": {
                "1": {
                    "Dice": 0.30409108802955515,
                    "FN": 19895,
                    "FP": 3086,
                    "IoU": 0.17930862081279908,
                    "TN": 8899998,
                    "TP": 5021,
                    "n_pred": 8107,
                    "n_ref": 24916
                },
                "2": {
                    "Dice": 0.815209469670817,
                    "FN": 21277,
                    "FP": 26899,
                    "IoU": 0.6880621078599595,
                    "TN": 8773559,
                    "TP": 106265,
                    "n_pred": 133164,
                    "n_ref": 127542
                },
                "3": {
                    "Dice": 0.4259614955107875,
                    "FN": 12467,
                    "FP": 384,
                    "IoU": 0.2706169476133719,
                    "TN": 8910381,
                    "TP": 4768,
                    "n_pred": 5152,
                    "n_ref": 17235
                }
            },