{
    "foreground_mean": {
        "Dice": 0.4322520451736353,
        "FN": 10297.833333333334,
        "FP": 9298.466666666667,
        "IoU": 0.32822501945719695,
        "TN": 8885647.633333333,
        "TP": 22756.066666666666,
        "n_pred": 32054.533333333336,
        "n_ref": 33053.9
    },
    "mean": {
        "1": {
            "Dice": 0.23016568424384504,
            "FN": 10945.7,
            "FP": 6734.7,
            "IoU": 0.1593441866236191,
            "TN": 8906141.7,
            "TP": 4177.9,
            "n_pred": 10912.6,
            "n_ref": 15123.6
        },
        "2": {
            "Dice": 0.7037781262792406,
            "FN": 15102.2,
            "FP": 19644.8,
            "IoU": 0.5651239771724363,
            "TN": 8831632.1,
            "TP": 61620.9,
            "n_pred": 81265.7,
            "n_ref": 76723.1
        },
        "3": {
            "Dice": 0.36281232499782,
            "FN": 4845.6,
            "FP": 1515.9,
            "IoU": 0.26020689457553536,
            "TN": 8919169.1,
            "TP": 2469.4,
            "n_pred": 3985.3,
            "n_ref": 7315.0
        }
    },
    "metric_per_case": [
        {
            "metrics": {
                "1": {
                    "Dice": 0.735958227490827,
                    "FN": 2730,
                    "FP": 1012,
                    "IoU": 0.582226191805292,
                    "TN": 8919043,
                    "TP": 5215,
                    "n_pred": 6227,
                    "n_ref": 7945
                },
                "2": {
                    "Dice": 0.7885618932038835,
                    "FN": 16845,
                    "FP": 24969,
                    "IoU": 0.6509304014625961,
                    "TN": 8808213,
                    "TP": 77973,
                    "n_pred": 102942,
                    "n_ref": 94818
                },
                "3": {
                    "Dice": 0.6387736517251846,
                    "FN": 6056,
                    "FP": 8224,
                    "IoU": 0.4692633613320449,
                    "TN": 8901094,
                    "TP": 12626,
                    "n_pred": 20850,
                    "n_ref": 18682
                }
            },
            "prediction_file": "/home/cgutwin/sfuhome/2025_3_project_07/src/nnUNet_raw/nnUNet_results/Dataset501_TCGA_LGG/nnUNetTrainer_10epochs__nnUNetPlans__2d/crossval_results_folds_0/postprocessed/temp/keep_largest_perClassOrRegion/TCGA-CS-5396.nii.gz",
            "reference_file": "/home/cgutwin/sfuhome/2025_3_project_07/src/nnUNet_raw/nnUNet_preprocessed/Dataset501_TCGA_LGG/gt_segmentations/TCGA-CS-5396.nii.gz"
        },
        {
            "metrics": {
                "1": {
                    "Dice": 0.006990562740300594,
                    "FN": 2831,
                    "FP": 10,
                    "IoU": 0.00350754121360926,
                    "TN": 8925149,
                    "TP": 10,
                    "n_pred": 20,
                    "n_ref": 2841
                },
                "2": {
                    "Dice": 0.33386264390631204,
                    "FN": 798,
                    "FP": 19338,
                    "IoU": 0.2003812246842983,
                    "TN": 8902818,
                    "TP": 5046,
                    "n_pred": 24384,
                    "n_ref": 5844
                },
                "3": {
                    "Dice": 0.0022502461206694484,
                    "FN": 21283,
                    "FP": 0,
                    "IoU": 0.0011263903881353545,
                    "TN": 8906693,
                    "TP": 24,
                    "n_pred": 24,
                    "n_ref": 21307
                }
            },
            "prediction_file": "/home/cgutwin/sfuhome/2025_3_project_07/src/nnUNet_raw/nnUNet_results/Dataset501_TCGA_LGG/nnUNetTrainer_10epochs__nnUNetPlans__2d/crossval_results_folds_0/postprocessed/temp/keep_largest_perClassOrRegion/TCGA-CS-5397.nii.gz",
            "reference_file": "/home/cgutwin/sfuhome/2025_3_project_07/src/nnUNet_raw/nnUNet_preprocessed/Dataset501_TCGA_LGG/gt_segmentations/TCGA-CS-5397.nii.gz"
        },
        {
            "metrics": {
                "1": {
                    "Dice": 0.04671717171717172,
                    "FN": 1432,
                    "FP": 78,
                    "IoU": 0.023917259211376857,
                    "TN": 8926453,
                    "TP": 37,
                    "n_pred": 115,
                    "n_ref": 1469
                },
                "2": {
                    "Dice": 0.6118759676946897,
                    "FN": 14018,
                    "FP": 4532,
                    "IoU": 0.44079344025081396,
                    "TN": 8894828,
                    "TP": 14622,
                    "n_pred": 19154,
                    "n_ref": 28640
                },
                "3": {
                    "Dice": 0.2606060606060606,
                    "FN": 1220,
                    "FP": 0,
                    "IoU": 0.14982578397212543,
                    "TN": 8926565,
                    "TP": 215,
                    "n_pred": 215,
                    "n_ref": 1435
                }
            },
            "prediction_file": "/home/cgutwin/sfuhome/2025_3_project_07/src/nnUNet_raw/nnUNet_results/Dataset501_TCGA_LGG/nnUNetTrainer_10epochs__nnUNetPlans__2d/crossval_results_folds_0/postprocessed/temp/keep_largest_perClassOrRegion/TCGA-CS-6188.nii.gz",
            "reference_file": "/home/cgutwin/sfuhome/2025_3_project_07/src/nnUNet_raw/nnUNet_preprocessed/Dataset501_TCGA_LGG/gt_segmentations/TCGA-CS-6188.nii.gz"
        },
        {
            "metrics": {
                "1": {
                    "Dice": 0.6397597878646077,
                    "FN": 25183,
                    "FP": 2531,
                    "IoU": 0.47032853620778625,
                    "TN": 8875677,
                    "TP": 24609,
                    "n_pred": 27140,
                    "n_ref": 49792
                },
                "2": {
                    "Dice": 0.5598270922856559,
                    "FN": 17000,
                    "FP": 17418,
                    "IoU": 0.3887221383536098,
                    "TN": 8871695,
                    "TP": 21887,
                    "n_pred": 39305,
                    "n_ref": 38887
                },
                "3": {
                    "Dice": 0.5043275308762034,
                    "FN": 4690,
                    "FP": 5504,
                    "IoU": 0.3371911573472042,
                    "TN": 8912620,
                    "TP": 5186,
                    "n_pred": 10690,
                    "n_ref": 9876
                }
            },
            "prediction_file": "/home/cgutwin/sfuhome/2025_3_project_07/src/nnUNet_raw/nnUNet_results/Dataset501_TCGA_LGG/nnUNetTrainer_10epochs__nnUNetPlans__2d/crossval_results_folds_0/postprocessed/temp/keep_largest_perClassOrRegion/TCGA-DU-7306.nii.gz",
            "reference_file": "/home/cgutwin/sfuhome/2025_3_project_07/src/nnUNet_raw/nnUNet_preprocessed/Dataset501_TCGA_LGG/gt_segmentations/TCGA-DU-7306.nii.gz"
        },
        {
            "metrics": {
                "1": {
                    "Dice": 0.09657331246461753,
                    "FN": 23466,
                    "FP": 3663,
                    "IoU": 0.05073655481297456,
                    "TN": 8899421,
                    "TP": 1450,
                    "n_pred": 5113,
                    "n_ref": 24916
                },
                "2": {
                    "Dice": 0.808075008880931,
                    "FN": 14942,
                    "FP": 38545,
                    "IoU": 0.6779579377073461,
                    "TN": 8761913,
                    "TP": 112600,
                    "n_pred": 151145,
                    "n_ref": 127542
                },
                "3": {
                    "Dice": 0.38827258320126784,
                    "FN": 13070,